"Program","Year","Period","Week Ending","Geo Level","State","State ANSI","Ag District","Ag District Code","County","County ANSI","Zip Code","Region","watershed_code","Watershed","Commodity","Data Item","Domain","Domain Category","Value","CV (%)"
"CENSUS","2017","YEAR","","COUNTY","ILLINOIS","17","CENTRAL","40","LOGAN","107","","","00000000","","PUMPKINS","PUMPKINS - ACRES HARVESTED","TOTAL","NOT SPECIFIED"," (D)","(D)"
"CENSUS","2017","YEAR","","COUNTY","ILLINOIS","17","CENTRAL","40","MACON","115","","","00000000","","PUMPKINS","PUMPKINS - ACRES HARVESTED","TOTAL","NOT SPECIFIED"," (D)","(D)"
"CENSUS","2017","YEAR","","COUNTY","ILLINOIS","17","CENTRAL","40","MARSHALL","123","","","00000000","","PUMPKINS","PUMPKINS - ACRES HARVESTED","TOTAL","NOT SPECIFIED","65","24.7"
"CENSUS","2017","YEAR","","COUNTY","ILLINOIS","17","CENTRAL","40","MASON","125","","","00000000","","PUMPKINS","PUMPKINS - ACRES HARVESTED","TOTAL","NOT SPECIFIED","4,308","24.7"
"CENSUS","2017","YEAR","","COUNTY","ILLINOIS","17","CENTRAL","40","MCLEAN","113","","","00000000","","PUMPKINS","PUMPKINS - ACRES HARVESTED","TOTAL","NOT SPECIFIED","20","24.7"
"CENSUS","2017","YEAR","","COUNTY","ILLINOIS","17","CENTRAL","40","MENARD","129","","","00000000","","PUMPKINS","PUMPKINS - ACRES HARVESTED","TOTAL","NOT SPECIFIED"," (D)","(D)"
"CENSUS","2017","YEAR","","COUNTY","ILLINOIS","17","CENTRAL","40","PEORIA","143","","","00000000","","PUMPKINS","PUMPKINS - ACRES HARVESTED","TOTAL","NOT SPECIFIED","1,281","24.7"
"CENSUS","2017","YEAR","","COUNTY","ILLINOIS","17","CENTRAL","40","STARK","175","","","00000000","","PUMPKINS","PUMPKINS - ACRES HARVESTED","TOTAL","NOT SPECIFIED","800","24.7"
"CENSUS","2017","YEAR","","COUNTY","ILLINOIS","17","CENTRAL","40","TAZEWELL","179","","","00000000","","PUMPKINS","PUMPKINS - ACRES HARVESTED","TOTAL","NOT SPECIFIED","3,757","24.7"
"CENSUS","2017","YEAR","","COUNTY","ILLINOIS","17","CENTRAL","40","WOODFORD","203","","","00000000","","PUMPKINS","PUMPKINS - ACRES HARVESTED","TOTAL","NOT SPECIFIED","566","24.7"
"CENSUS","2017","YEAR","","COUNTY","ILLINOIS","17","EAST","50","CHAMPAIGN","019","","","00000000","","PUMPKINS","PUMPKINS - ACRES HARVESTED","TOTAL","NOT SPECIFIED","114","24.7"
"CENSUS","2017","YEAR","","COUNTY","ILLINOIS","17","EAST","50","IROQUOIS","075","","","00000000","","PUMPKINS","PUMPKINS - ACRES HARVESTED","TOTAL","NOT SPECIFIED"," (Z)","24.7"
"CENSUS","2017","YEAR","","COUNTY","ILLINOIS","17","EAST","50","KANKAKEE","091","","","00000000","","PUMPKINS","PUMPKINS - ACRES HARVESTED","TOTAL","NOT SPECIFIED","121","24.7"
"CENSUS","2017","YEAR","","COUNTY","ILLINOIS","17","EAST","50","LIVINGSTON","105","","","00000000","","PUMPKINS","PUMPKINS - ACRES HARVESTED","TOTAL","NOT SPECIFIED"," (D)","(D)"
"CENSUS","2017","YEAR","","COUNTY","ILLINOIS","17","EAST","50","VERMILION","183","","","00000000","","PUMPKINS","PUMPKINS - ACRES HARVESTED","TOTAL","NOT SPECIFIED"," (D)","(D)"
"CENSUS","2017","YEAR","","COUNTY","ILLINOIS","17","EAST SOUTHEAST","70","CLARK","023","","","00000000","","PUMPKINS","PUMPKINS - ACRES HARVESTED","TOTAL","NOT SPECIFIED"," (D)","(D)"
"CENSUS","2017","YEAR","","COUNTY","ILLINOIS","17","EAST SOUTHEAST","70","CLAY","025","","","00000000","","PUMPKINS","PUMPKINS - ACRES HARVESTED","TOTAL","NOT SPECIFIED"," (D)","(D)"
"CENSUS","2017","YEAR","","COUNTY","ILLINOIS","17","EAST SOUTHEAST","70","COLES","029","","","00000000","","PUMPKINS","PUMPKINS - ACRES HARVESTED","TOTAL","NOT SPECIFIED"," (D)","(D)"
"CENSUS","2017","YEAR","","COUNTY","ILLINOIS","17","EAST SOUTHEAST","70","CUMBERLAND","035","","","00000000","","PUMPKINS","PUMPKINS - ACRES HARVESTED","TOTAL","NOT SPECIFIED"," (D)","(D)"
"CENSUS","2017","YEAR","","COUNTY","ILLINOIS","17","EAST SOUTHEAST","70","DOUGLAS","041","","","00000000","","PUMPKINS","PUMPKINS - ACRES HARVESTED","TOTAL","NOT SPECIFIED","6","24.7"
"CENSUS","2017","YEAR","","COUNTY","ILLINOIS","17","EAST SOUTHEAST","70","EDGAR","045","","","00000000","","PUMPKINS","PUMPKINS - ACRES HARVESTED","TOTAL","NOT SPECIFIED"," (D)","(D)"
"CENSUS","2017","YEAR","","COUNTY","ILLINOIS","17","EAST SOUTHEAST","70","FAYETTE","051","","","00000000","","PUMPKINS","PUMPKINS - ACRES HARVESTED","TOTAL","NOT SPECIFIED","40","24.7"
"CENSUS","2017","YEAR","","COUNTY","ILLINOIS","17","EAST SOUTHEAST","70","LAWRENCE","101","","","00000000","","PUMPKINS","PUMPKINS - ACRES HARVESTED","TOTAL","NOT SPECIFIED"," (D)","(D)"
"CENSUS","2017","YEAR","","COUNTY","ILLINOIS","17","EAST SOUTHEAST","70","MARION","121","","","00000000","","PUMPKINS","PUMPKINS - ACRES HARVESTED","TOTAL","NOT SPECIFIED"," (D)","(D)"
"CENSUS","2017","YEAR","","COUNTY","ILLINOIS","17","EAST SOUTHEAST","70","MOULTRIE","139","","","00000000","","PUMPKINS","PUMPKINS - ACRES HARVESTED","TOTAL","NOT SPECIFIED","759","24.7"
"CENSUS","2017","YEAR","","COUNTY","ILLINOIS","17","EAST SOUTHEAST","70","RICHLAND","159","","","00000000","","PUMPKINS","PUMPKINS - ACRES HARVESTED","TOTAL","NOT SPECIFIED"," (D)","(D)"
"CENSUS","2017","YEAR","","COUNTY","ILLINOIS","17","EAST SOUTHEAST","70","SHELBY","173","","","00000000","","PUMPKINS","PUMPKINS - ACRES HARVESTED","TOTAL","NOT SPECIFIED","11","24.7"
"CENSUS","2017","YEAR","","COUNTY","ILLINOIS","17","NORTHEAST","20","BOONE","007","","","00000000","","PUMPKINS","PUMPKINS - ACRES HARVESTED","TOTAL","NOT SPECIFIED","26","24.7"
"CENSUS","2017","YEAR","","COUNTY","ILLINOIS","17","NORTHEAST","20","COOK","031","","","00000000","","PUMPKINS","PUMPKINS - ACRES HARVESTED","TOTAL","NOT SPECIFIED","43","24.7"
"CENSUS","2017","YEAR","","COUNTY","ILLINOIS","17","NORTHEAST","20","DE KALB","037","","","00000000","","PUMPKINS","PUMPKINS - ACRES HARVESTED","TOTAL","NOT SPECIFIED","74","24.7"
"CENSUS","2017","YEAR","","COUNTY","ILLINOIS","17","NORTHEAST","20","DU PAGE","043","","","00000000","","PUMPKINS","PUMPKINS - ACRES HARVESTED","TOTAL","NOT SPECIFIED","7","24.7"
"CENSUS","2017","YEAR","","COUNTY","ILLINOIS","17","NORTHEAST","20","GRUNDY","063","","","00000000","","PUMPKINS","PUMPKINS - ACRES HARVESTED","TOTAL","NOT SPECIFIED","44","24.7"
"CENSUS","2017","YEAR","","COUNTY","ILLINOIS","17","NORTHEAST","20","KANE","089","","","00000000","","PUMPKINS","PUMPKINS - ACRES HARVESTED","TOTAL","NOT SPECIFIED","149","24.7"
"CENSUS","2017","YEAR","","COUNTY","ILLINOIS","17","NORTHEAST","20","KENDALL","093","","","00000000","","PUMPKINS","PUMPKINS - ACRES HARVESTED","TOTAL","NOT SPECIFIED","55","24.7"
"CENSUS","2017","YEAR","","COUNTY","ILLINOIS","17","NORTHEAST","20","LA SALLE","099","","","00000000","","PUMPKINS","PUMPKINS - ACRES HARVESTED","TOTAL","NOT SPECIFIED","125","24.7"
"CENSUS","2017","YEAR","","COUNTY","ILLINOIS","17","NORTHEAST","20","LAKE","097","","","00000000","","PUMPKINS","PUMPKINS - ACRES HARVESTED","TOTAL","NOT SPECIFIED","43","24.7"
"CENSUS","2017","YEAR","","COUNTY","ILLINOIS","17","NORTHEAST","20","MCHENRY","111","","","00000000","","PUMPKINS","PUMPKINS - ACRES HARVESTED","TOTAL","NOT SPECIFIED","122","24.7"
"CENSUS","2017","YEAR","","COUNTY","ILLINOIS","17","NORTHEAST","20","WILL","197","","","00000000","","PUMPKINS","PUMPKINS - ACRES HARVESTED","TOTAL","NOT SPECIFIED","94","24.7"
"CENSUS","2017","YEAR","","COUNTY","ILLINOIS","17","NORTHWEST","10","BUREAU","011","","","00000000","","PUMPKINS","PUMPKINS - ACRES HARVESTED","TOTAL","NOT SPECIFIED"," (D)","(D)"
"CENSUS","2017","YEAR","","COUNTY","ILLINOIS","17","NORTHWEST","10","CARROLL","015","","","00000000","","PUMPKINS","PUMPKINS - ACRES HARVESTED","TOTAL","NOT SPECIFIED"," (D)","(D)"
"CENSUS","2017","YEAR","","COUNTY","ILLINOIS","17","NORTHWEST","10","HENRY","073","","","00000000","","PUMPKINS","PUMPKINS - ACRES HARVESTED","TOTAL","NOT SPECIFIED","124","24.7"
"CENSUS","2017","YEAR","","COUNTY","ILLINOIS","17","NORTHWEST","10","JO DAVIESS","085","","","00000000","","PUMPKINS","PUMPKINS - ACRES HARVESTED","TOTAL","NOT SPECIFIED"," (D)","(D)"
"CENSUS","2017","YEAR","","COUNTY","ILLINOIS","17","NORTHWEST","10","LEE","103","","","00000000","","PUMPKINS","PUMPKINS - ACRES HARVESTED","TOTAL","NOT SPECIFIED","4","24.7"
"CENSUS","2017","YEAR","","COUNTY","ILLINOIS","17","NORTHWEST","10","MERCER","131","","","00000000","","PUMPKINS","PUMPKINS - ACRES HARVESTED","TOTAL","NOT SPECIFIED"," (D)","(D)"
"CENSUS","2017","YEAR","","COUNTY","ILLINOIS","17","NORTHWEST","10","OGLE","141","","","00000000","","PUMPKINS","PUMPKINS - ACRES HARVESTED","TOTAL","NOT SPECIFIED","16","24.7"
"CENSUS","2017","YEAR","","COUNTY","ILLINOIS","17","NORTHWEST","10","PUTNAM","155","","","00000000","","PUMPKINS","PUMPKINS - ACRES HARVESTED","TOTAL","NOT SPECIFIED"," (D)","(D)"
"CENSUS","2017","YEAR","","COUNTY","ILLINOIS","17","NORTHWEST","10","ROCK ISLAND","161","","","00000000","","PUMPKINS","PUMPKINS - ACRES HARVESTED","TOTAL","NOT SPECIFIED","41","24.7"
"CENSUS","2017","YEAR","","COUNTY","ILLINOIS","17","NORTHWEST","10","STEPHENSON","177","","","00000000","","PUMPKINS","PUMPKINS - ACRES HARVESTED","TOTAL","NOT SPECIFIED","5","24.7"
"CENSUS","2017","YEAR","","COUNTY","ILLINOIS","17","NORTHWEST","10","WHITESIDE","195","","","00000000","","PUMPKINS","PUMPKINS - ACRES HARVESTED","TOTAL","NOT SPECIFIED"," (D)","(D)"
"CENSUS","2017","YEAR","","COUNTY","ILLINOIS","17","NORTHWEST","10","WINNEBAGO","201","","","00000000","","PUMPKINS","PUMPKINS - ACRES HARVESTED","TOTAL","NOT SPECIFIED","32","24.7"
"CENSUS","2017","YEAR","","COUNTY","ILLINOIS","17","SOUTHEAST","90","FRANKLIN","055","","","00000000","","PUMPKINS","PUMPKINS - ACRES HARVESTED","TOTAL","NOT SPECIFIED","4","24.7"
"CENSUS","2017","YEAR","","COUNTY","ILLINOIS","17","SOUTHEAST","90","JEFFERSON","081","","","00000000","","PUMPKINS","PUMPKINS - ACRES HARVESTED","TOTAL","NOT SPECIFIED","99","24.7"
"CENSUS","2017","YEAR","","COUNTY","ILLINOIS","17","SOUTHEAST","90","MASSAC","127","","","00000000","","PUMPKINS","PUMPKINS - ACRES HARVESTED","TOTAL","NOT SPECIFIED"," (D)","(D)"
"CENSUS","2017","YEAR","","COUNTY","ILLINOIS","17","SOUTHEAST","90","POPE","151","","","00000000","","PUMPKINS","PUMPKINS - ACRES HARVESTED","TOTAL","NOT SPECIFIED","1","24.7"
"CENSUS","2017","YEAR","","COUNTY","ILLINOIS","17","SOUTHEAST","90","WABASH","185","","","00000000","","PUMPKINS","PUMPKINS - ACRES HARVESTED","TOTAL","NOT SPECIFIED"," (D)","(D)"
"CENSUS","2017","YEAR","","COUNTY","ILLINOIS","17","SOUTHEAST","90","WAYNE","191","","","00000000","","PUMPKINS","PUMPKINS - ACRES HARVESTED","TOTAL","NOT SPECIFIED"," (D)","(D)"
"CENSUS","2017","YEAR","","COUNTY","ILLINOIS","17","SOUTHEAST","90","WHITE","193","","","00000000","","PUMPKINS","PUMPKINS - ACRES HARVESTED","TOTAL","NOT SPECIFIED"," (D)","(D)"
"CENSUS","2017","YEAR","","COUNTY","ILLINOIS","17","SOUTHWEST","80","JACKSON","077","","","00000000","","PUMPKINS","PUMPKINS - ACRES HARVESTED","TOTAL","NOT SPECIFIED","10","24.7"
"CENSUS","2017","YEAR","","COUNTY","ILLINOIS","17","SOUTHWEST","80","MONROE","133","","","00000000","","PUMPKINS","PUMPKINS - ACRES HARVESTED","TOTAL","NOT SPECIFIED","33","24.7"
"CENSUS","2017","YEAR","","COUNTY","ILLINOIS","17","SOUTHWEST","80","PERRY","145","","","00000000","","PUMPKINS","PUMPKINS - ACRES HARVESTED","TOTAL","NOT SPECIFIED"," (D)","(D)"
"CENSUS","2017","YEAR","","COUNTY","ILLINOIS","17","SOUTHWEST","80","RANDOLPH","157","","","00000000","","PUMPKINS","PUMPKINS - ACRES HARVESTED","TOTAL","NOT SPECIFIED","4","24.7"
"CENSUS","2017","YEAR","","COUNTY","ILLINOIS","17","SOUTHWEST","80","ST CLAIR","163","","","00000000","","PUMPKINS","PUMPKINS - ACRES HARVESTED","TOTAL","NOT SPECIFIED","91","24.7"
"CENSUS","2017","YEAR","","COUNTY","ILLINOIS","17","SOUTHWEST","80","UNION","181","","","00000000","","PUMPKINS","PUMPKINS - ACRES HARVESTED","TOTAL","NOT SPECIFIED","14","24.7"
"CENSUS","2017","YEAR","","COUNTY","ILLINOIS","17","SOUTHWEST","80","WASHINGTON","189","","","00000000","","PUMPKINS","PUMPKINS - ACRES HARVESTED","TOTAL","NOT SPECIFIED"," (D)","(D)"
"CENSUS","2017","YEAR","","COUNTY","ILLINOIS","17","SOUTHWEST","80","WILLIAMSON","199","","","00000000","","PUMPKINS","PUMPKINS - ACRES HARVESTED","TOTAL","NOT SPECIFIED","25","24.7"
"CENSUS","2017","YEAR","","COUNTY","ILLINOIS","17","WEST","30","ADAMS","001","","","00000000","","PUMPKINS","PUMPKINS - ACRES HARVESTED","TOTAL","NOT SPECIFIED","15","24.7"
"CENSUS","2017","YEAR","","COUNTY","ILLINOIS","17","WEST","30","BROWN","009","","","00000000","","PUMPKINS","PUMPKINS - ACRES HARVESTED","TOTAL","NOT SPECIFIED"," (D)","(D)"
"CENSUS","2017","YEAR","","COUNTY","ILLINOIS","17","WEST","30","FULTON","057","","","00000000","","PUMPKINS","PUMPKINS - ACRES HARVESTED","TOTAL","NOT SPECIFIED"," (D)","(D)"
"CENSUS","2017","YEAR","","COUNTY","ILLINOIS","17","WEST","30","HENDERSON","071","","","00000000","","PUMPKINS","PUMPKINS - ACRES HARVESTED","TOTAL","NOT SPECIFIED"," (D)","(D)"
"CENSUS","2017","YEAR","","COUNTY","ILLINOIS","17","WEST","30","KNOX","095","","","00000000","","PUMPKINS","PUMPKINS - ACRES HARVESTED","TOTAL","NOT SPECIFIED"," (D)","(D)"
"CENSUS","2017","YEAR","","COUNTY","ILLINOIS","17","WEST","30","MCDONOUGH","109","","","00000000","","PUMPKINS","PUMPKINS - ACRES HARVESTED","TOTAL","NOT SPECIFIED","6","24.7"
"CENSUS","2017","YEAR","","COUNTY","ILLINOIS","17","WEST","30","SCHUYLER","169","","","00000000","","PUMPKINS","PUMPKINS - ACRES HARVESTED","TOTAL","NOT SPECIFIED"," (D)","(D)"
"CENSUS","2017","YEAR","","COUNTY","ILLINOIS","17","WEST SOUTHWEST","60","BOND","005","","","00000000","","PUMPKINS","PUMPKINS - ACRES HARVESTED","TOTAL","NOT SPECIFIED"," (D)","(D)"
"CENSUS","2017","YEAR","","COUNTY","ILLINOIS","17","WEST SOUTHWEST","60","CALHOUN","013","","","00000000","","PUMPKINS","PUMPKINS - ACRES HARVESTED","TOTAL","NOT SPECIFIED"," (D)","(D)"
"CENSUS","2017","YEAR","","COUNTY","ILLINOIS","17","WEST SOUTHWEST","60","CASS","017","","","00000000","","PUMPKINS","PUMPKINS - ACRES HARVESTED","TOTAL","NOT SPECIFIED"," (D)","(D)"
"CENSUS","2017","YEAR","","COUNTY","ILLINOIS","17","WEST SOUTHWEST","60","CHRISTIAN","021","","","00000000","","PUMPKINS","PUMPKINS - ACRES HARVESTED","TOTAL","NOT SPECIFIED","12","24.7"
"CENSUS","2017","YEAR","","COUNTY","ILLINOIS","17","WEST SOUTHWEST","60","JERSEY","083","","","00000000","","PUMPKINS","PUMPKINS - ACRES HARVESTED","TOTAL","NOT SPECIFIED","1","24.7"
"CENSUS","2017","YEAR","","COUNTY","ILLINOIS","17","WEST SOUTHWEST","60","MACOUPIN","117","","","00000000","","PUMPKINS","PUMPKINS - ACRES HARVESTED","TOTAL","NOT SPECIFIED","18","24.7"
"CENSUS","2017","YEAR","","COUNTY","ILLINOIS","17","WEST SOUTHWEST","60","MADISON","119","","","00000000","","PUMPKINS","PUMPKINS - ACRES HARVESTED","TOTAL","NOT SPECIFIED","139","24.7"
"CENSUS","2017","YEAR","","COUNTY","ILLINOIS","17","WEST SOUTHWEST","60","MONTGOMERY","135","","","00000000","","PUMPKINS","PUMPKINS - ACRES HARVESTED","TOTAL","NOT SPECIFIED"," (D)","(D)"
"CENSUS","2017","YEAR","","COUNTY","ILLINOIS","17","WEST SOUTHWEST","60","MORGAN","137","","","00000000","","PUMPKINS","PUMPKINS - ACRES HARVESTED","TOTAL","NOT SPECIFIED","6","24.7"
"CENSUS","2017","YEAR","","COUNTY","ILLINOIS","17","WEST SOUTHWEST","60","PIKE","149","","","00000000","","PUMPKINS","PUMPKINS - ACRES HARVESTED","TOTAL","NOT SPECIFIED"," (D)","(D)"
"CENSUS","2017","YEAR","","COUNTY","ILLINOIS","17","WEST SOUTHWEST","60","SANGAMON","167","","","00000000","","PUMPKINS","PUMPKINS - ACRES HARVESTED","TOTAL","NOT SPECIFIED","114","24.7"
"CENSUS","2017","YEAR","","COUNTY","ILLINOIS","17","WEST SOUTHWEST","60","SCOTT","171","","","00000000","","PUMPKINS","PUMPKINS - ACRES HARVESTED","TOTAL","NOT SPECIFIED"," (D)","(D)"
"CENSUS","2012","YEAR","","COUNTY","ILLINOIS","17","CENTRAL","40","DE WITT","039","","","00000000","","PUMPKINS","PUMPKINS - ACRES HARVESTED","TOTAL","NOT SPECIFIED"," (D)","(D)"
"CENSUS","2012","YEAR","","COUNTY","ILLINOIS","17","CENTRAL","40","LOGAN","107","","","00000000","","PUMPKINS","PUMPKINS - ACRES HARVESTED","TOTAL","NOT SPECIFIED","286","16.3"
"CENSUS","2012","YEAR","","COUNTY","ILLINOIS","17","CENTRAL","40","MACON","115","","","00000000","","PUMPKINS","PUMPKINS - ACRES HARVESTED","TOTAL","NOT SPECIFIED"," (D)","(D)"
"CENSUS","2012","YEAR","","COUNTY","ILLINOIS","17","CENTRAL","40","MARSHALL","123","","","00000000","","PUMPKINS","PUMPKINS - ACRES HARVESTED","TOTAL","NOT SPECIFIED","27","16.3"
"CENSUS","2012","YEAR","","COUNTY","ILLINOIS","17","CENTRAL","40","MASON","125","","","00000000","","PUMPKINS","PUMPKINS - ACRES HARVESTED","TOTAL","NOT SPECIFIED","2,627","16.3"
"CENSUS","2012","YEAR","","COUNTY","ILLINOIS","17","CENTRAL","40","MCLEAN","113","","","00000000","","PUMPKINS","PUMPKINS - ACRES HARVESTED","TOTAL","NOT SPECIFIED","172","16.3"
"CENSUS","2012","YEAR","","COUNTY","ILLINOIS","17","CENTRAL","40","PEORIA","143","","","00000000","","PUMPKINS","PUMPKINS - ACRES HARVESTED","TOTAL","NOT SPECIFIED","1,323","16.3"
"CENSUS","2012","YEAR","","COUNTY","ILLINOIS","17","CENTRAL","40","STARK","175","","","00000000","","PUMPKINS","PUMPKINS - ACRES HARVESTED","TOTAL","NOT SPECIFIED","1,068","16.3"
"CENSUS","2012","YEAR","","COUNTY","ILLINOIS","17","CENTRAL","40","TAZEWELL","179","","","00000000","","PUMPKINS","PUMPKINS - ACRES HARVESTED","TOTAL","NOT SPECIFIED","4,669","16.3"
"CENSUS","2012","YEAR","","COUNTY","ILLINOIS","17","CENTRAL","40","WOODFORD","203","","","00000000","","PUMPKINS","PUMPKINS - ACRES HARVESTED","TOTAL","NOT SPECIFIED","20","16.3"
"CENSUS","2012","YEAR","","COUNTY","ILLINOIS","17","EAST","50","CHAMPAIGN","019","","","00000000","","PUMPKINS","PUMPKINS - ACRES HARVESTED","TOTAL","NOT SPECIFIED","73","16.3"
"CENSUS","2012","YEAR","","COUNTY","ILLINOIS","17","EAST","50","IROQUOIS","075","","","00000000","","PUMPKINS","PUMPKINS - ACRES HARVESTED","TOTAL","NOT SPECIFIED"," (D)","(D)"
"CENSUS","2012","YEAR","","COUNTY","ILLINOIS","17","EAST","50","KANKAKEE","091","","","00000000","","PUMPKINS","PUMPKINS - ACRES HARVESTED","TOTAL","NOT SPECIFIED","160","16.3"
"CENSUS","2012","YEAR","","COUNTY","ILLINOIS","17","EAST","50","LIVINGSTON","105","","","00000000","","PUMPKINS","PUMPKINS - ACRES HARVESTED","TOTAL","NOT SPECIFIED"," (D)","(D)"
"CENSUS","2012","YEAR","","COUNTY","ILLINOIS","17","EAST","50","PIATT","147","","","00000000","","PUMPKINS","PUMPKINS - ACRES HARVESTED","TOTAL","NOT SPECIFIED"," (D)","(D)"
"CENSUS","2012","YEAR","","COUNTY","ILLINOIS","17","EAST","50","VERMILION","183","","","00000000","","PUMPKINS","PUMPKINS - ACRES HARVESTED","TOTAL","NOT SPECIFIED","11","16.3"
"CENSUS","2012","YEAR","","COUNTY","ILLINOIS","17","EAST SOUTHEAST","70","CLARK","023","","","00000000","","PUMPKINS","PUMPKINS - ACRES HARVESTED","TOTAL","NOT SPECIFIED"," (D)","(D)"
"CENSUS","2012","YEAR","","COUNTY","ILLINOIS","17","EAST SOUTHEAST","70","CLAY","025","","","00000000","","PUMPKINS","PUMPKINS - ACRES HARVESTED","TOTAL","NOT SPECIFIED"," (D)","(D)"
"CENSUS","2012","YEAR","","COUNTY","ILLINOIS","17","EAST SOUTHEAST","70","COLES","029","","","00000000","","PUMPKINS","PUMPKINS - ACRES HARVESTED","TOTAL","NOT SPECIFIED"," (D)","(D)"
"CENSUS","2012","YEAR","","COUNTY","ILLINOIS","17","EAST SOUTHEAST","70","CRAWFORD","033","","","00000000","","PUMPKINS","PUMPKINS - ACRES HARVESTED","TOTAL","NOT SPECIFIED"," (D)","(D)"
"CENSUS","2012","YEAR","","COUNTY","ILLINOIS","17","EAST SOUTHEAST","70","DOUGLAS","041","","","00000000","","PUMPKINS","PUMPKINS - ACRES HARVESTED","TOTAL","NOT SPECIFIED","23","16.3"
"CENSUS","2012","YEAR","","COUNTY","ILLINOIS","17","EAST SOUTHEAST","70","EDGAR","045","","","00000000","","PUMPKINS","PUMPKINS - ACRES HARVESTED","TOTAL","NOT SPECIFIED"," (D)","(D)"
"CENSUS","2012","YEAR","","COUNTY","ILLINOIS","17","EAST SOUTHEAST","70","FAYETTE","051","","","00000000","","PUMPKINS","PUMPKINS - ACRES HARVESTED","TOTAL","NOT SPECIFIED","44","16.3"
"CENSUS","2012","YEAR","","COUNTY","ILLINOIS","17","EAST SOUTHEAST","70","LAWRENCE","101","","","00000000","","PUMPKINS","PUMPKINS - ACRES HARVESTED","TOTAL","NOT SPECIFIED"," (D)","(D)"
"CENSUS","2012","YEAR","","COUNTY","ILLINOIS","17","EAST SOUTHEAST","70","MARION","121","","","00000000","","PUMPKINS","PUMPKINS - ACRES HARVESTED","TOTAL","NOT SPECIFIED"," (D)","(D)"
"CENSUS","2012","YEAR","","COUNTY","ILLINOIS","17","EAST SOUTHEAST","70","MOULTRIE","139","","","00000000","","PUMPKINS","PUMPKINS - ACRES HARVESTED","TOTAL","NOT SPECIFIED","568","16.3"
"CENSUS","2012","YEAR","","COUNTY","ILLINOIS","17","NORTHEAST","20","BOONE","007","","","00000000","","PUMPKINS","PUMPKINS - ACRES HARVESTED","TOTAL","NOT SPECIFIED","25","16.3"
"CENSUS","2012","YEAR","","COUNTY","ILLINOIS","17","NORTHEAST","20","COOK","031","","","00000000","","PUMPKINS","PUMPKINS - ACRES HARVESTED","TOTAL","NOT SPECIFIED","71","16.3"
"CENSUS","2012","YEAR","","COUNTY","ILLINOIS","17","NORTHEAST","20","DE KALB","037","","","00000000","","PUMPKINS","PUMPKINS - ACRES HARVESTED","TOTAL","NOT SPECIFIED","94","16.3"
"CENSUS","2012","YEAR","","COUNTY","ILLINOIS","17","NORTHEAST","20","DU PAGE","043","","","00000000","","PUMPKINS","PUMPKINS - ACRES HARVESTED","TOTAL","NOT SPECIFIED"," (D)","(D)"
"CENSUS","2012","YEAR","","COUNTY","ILLINOIS","17","NORTHEAST","20","KANE","089","","","00000000","","PUMPKINS","PUMPKINS - ACRES HARVESTED","TOTAL","NOT SPECIFIED","186","16.3"
"CENSUS","2012","YEAR","","COUNTY","ILLINOIS","17","NORTHEAST","20","KENDALL","093","","","00000000","","PUMPKINS","PUMPKINS - ACRES HARVESTED","TOTAL","NOT SPECIFIED","48","16.3"
"CENSUS","2012","YEAR","","COUNTY","ILLINOIS","17","NORTHEAST","20","LA SALLE","099","","","00000000","","PUMPKINS","PUMPKINS - ACRES HARVESTED","TOTAL","NOT SPECIFIED","28","16.3"
"CENSUS","2012","YEAR","","COUNTY","ILLINOIS","17","NORTHEAST","20","LAKE","097","","","00000000","","PUMPKINS","PUMPKINS - ACRES HARVESTED","TOTAL","NOT SPECIFIED","22","16.3"
"CENSUS","2012","YEAR","","COUNTY","ILLINOIS","17","NORTHEAST","20","MCHENRY","111","","","00000000","","PUMPKINS","PUMPKINS - ACRES HARVESTED","TOTAL","NOT SPECIFIED","179","16.3"
"CENSUS","2012","YEAR","","COUNTY","ILLINOIS","17","NORTHEAST","20","WILL","197","","","00000000","","PUMPKINS","PUMPKINS - ACRES HARVESTED","TOTAL","NOT SPECIFIED","78","16.3"
"CENSUS","2012","YEAR","","COUNTY","ILLINOIS","17","NORTHWEST","10","CARROLL","015","","","00000000","","PUMPKINS","PUMPKINS - ACRES HARVESTED","TOTAL","NOT SPECIFIED"," (D)","(D)"
"CENSUS","2012","YEAR","","COUNTY","ILLINOIS","17","NORTHWEST","10","HENRY","073","","","00000000","","PUMPKINS","PUMPKINS - ACRES HARVESTED","TOTAL","NOT SPECIFIED","40","16.3"
"CENSUS","2012","YEAR","","COUNTY","ILLINOIS","17","NORTHWEST","10","JO DAVIESS","085","","","00000000","","PUMPKINS","PUMPKINS - ACRES HARVESTED","TOTAL","NOT SPECIFIED","6","16.3"
"CENSUS","2012","YEAR","","COUNTY","ILLINOIS","17","NORTHWEST","10","LEE","103","","","00000000","","PUMPKINS","PUMPKINS - ACRES HARVESTED","TOTAL","NOT SPECIFIED"," (D)","(D)"
"CENSUS","2012","YEAR","","COUNTY","ILLINOIS","17","NORTHWEST","10","MERCER","131","","","00000000","","PUMPKINS","PUMPKINS - ACRES HARVESTED","TOTAL","NOT SPECIFIED"," (D)","(D)"
"CENSUS","2012","YEAR","","COUNTY","ILLINOIS","17","NORTHWEST","10","OGLE","141","","","00000000","","PUMPKINS","PUMPKINS - ACRES HARVESTED","TOTAL","NOT SPECIFIED","13","16.3"
"CENSUS","2012","YEAR","","COUNTY","ILLINOIS","17","NORTHWEST","10","PUTNAM","155","","","00000000","","PUMPKINS","PUMPKINS - ACRES HARVESTED","TOTAL","NOT SPECIFIED"," (D)","(D)"
"CENSUS","2012","YEAR","","COUNTY","ILLINOIS","17","NORTHWEST","10","ROCK ISLAND","161","","","00000000","","PUMPKINS","PUMPKINS - ACRES HARVESTED","TOTAL","NOT SPECIFIED","39","16.3"
"CENSUS","2012","YEAR","","COUNTY","ILLINOIS","17","NORTHWEST","10","STEPHENSON","177","","","00000000","","PUMPKINS","PUMPKINS - ACRES HARVESTED","TOTAL","NOT SPECIFIED"," (D)","(D)"
"CENSUS","2012","YEAR","","COUNTY","ILLINOIS","17","NORTHWEST","10","WHITESIDE","195","","","00000000","","PUMPKINS","PUMPKINS - ACRES HARVESTED","TOTAL","NOT SPECIFIED","35","16.3"
"CENSUS","2012","YEAR","","COUNTY","ILLINOIS","17","NORTHWEST","10","WINNEBAGO","201","","","00000000","","PUMPKINS","PUMPKINS - ACRES HARVESTED","TOTAL","NOT SPECIFIED","47","16.3"
"CENSUS","2012","YEAR","","COUNTY","ILLINOIS","17","SOUTHEAST","90","FRANKLIN","055","","","00000000","","PUMPKINS","PUMPKINS - ACRES HARVESTED","TOTAL","NOT SPECIFIED","54","16.3"
"CENSUS","2012","YEAR","","COUNTY","ILLINOIS","17","SOUTHEAST","90","JEFFERSON","081","","","00000000","","PUMPKINS","PUMPKINS - ACRES HARVESTED","TOTAL","NOT SPECIFIED"," (D)","(D)"
"CENSUS","2012","YEAR","","COUNTY","ILLINOIS","17","SOUTHEAST","90","MASSAC","127","","","00000000","","PUMPKINS","PUMPKINS - ACRES HARVESTED","TOTAL","NOT SPECIFIED","7","16.3"
"CENSUS","2012","YEAR","","COUNTY","ILLINOIS","17","SOUTHEAST","90","WAYNE","191","","","00000000","","PUMPKINS","PUMPKINS - ACRES HARVESTED","TOTAL","NOT SPECIFIED","1,547","16.3"
"CENSUS","2012","YEAR","","COUNTY","ILLINOIS","17","SOUTHEAST","90","WHITE","193","","","00000000","","PUMPKINS","PUMPKINS - ACRES HARVESTED","TOTAL","NOT SPECIFIED"," (D)","(D)"
"CENSUS","2012","YEAR","","COUNTY","ILLINOIS","17","SOUTHWEST","80","ALEXANDER","003","","","00000000","","PUMPKINS","PUMPKINS - ACRES HARVESTED","TOTAL","NOT SPECIFIED"," (D)","(D)"
"CENSUS","2012","YEAR","","COUNTY","ILLINOIS","17","SOUTHWEST","80","JACKSON","077","","","00000000","","PUMPKINS","PUMPKINS - ACRES HARVESTED","TOTAL","NOT SPECIFIED","4","16.3"
"CENSUS","2012","YEAR","","COUNTY","ILLINOIS","17","SOUTHWEST","80","JOHNSON","087","","","00000000","","PUMPKINS","PUMPKINS - ACRES HARVESTED","TOTAL","NOT SPECIFIED"," (D)","(D)"
"CENSUS","2012","YEAR","","COUNTY","ILLINOIS","17","SOUTHWEST","80","MONROE","133","","","00000000","","PUMPKINS","PUMPKINS - ACRES HARVESTED","TOTAL","NOT SPECIFIED","31","16.3"
"CENSUS","2012","YEAR","","COUNTY","ILLINOIS","17","SOUTHWEST","80","PERRY","145","","","00000000","","PUMPKINS","PUMPKINS - ACRES HARVESTED","TOTAL","NOT SPECIFIED","6","16.3"
"CENSUS","2012","YEAR","","COUNTY","ILLINOIS","17","SOUTHWEST","80","ST CLAIR","163","","","00000000","","PUMPKINS","PUMPKINS - ACRES HARVESTED","TOTAL","NOT SPECIFIED","59","16.3"
"CENSUS","2012","YEAR","","COUNTY","ILLINOIS","17","SOUTHWEST","80","UNION","181","","","00000000","","PUMPKINS","PUMPKINS - ACRES HARVESTED","TOTAL","NOT SPECIFIED","13","16.3"
"CENSUS","2012","YEAR","","COUNTY","ILLINOIS","17","SOUTHWEST","80","WASHINGTON","189","","","00000000","","PUMPKINS","PUMPKINS - ACRES HARVESTED","TOTAL","NOT SPECIFIED","3","16.3"
"CENSUS","2012","YEAR","","COUNTY","ILLINOIS","17","SOUTHWEST","80","WILLIAMSON","199","","","00000000","","PUMPKINS","PUMPKINS - ACRES HARVESTED","TOTAL","NOT SPECIFIED"," (D)","(D)"
"CENSUS","2012","YEAR","","COUNTY","ILLINOIS","17","WEST","30","ADAMS","001","","","00000000","","PUMPKINS","PUMPKINS - ACRES HARVESTED","TOTAL","NOT SPECIFIED","24","16.3"
"CENSUS","2012","YEAR","","COUNTY","ILLINOIS","17","WEST","30","HENDERSON","071","","","00000000","","PUMPKINS","PUMPKINS - ACRES HARVESTED","TOTAL","NOT SPECIFIED"," (D)","(D)"
"CENSUS","2012","YEAR","","COUNTY","ILLINOIS","17","WEST","30","MCDONOUGH","109","","","00000000","","PUMPKINS","PUMPKINS - ACRES HARVESTED","TOTAL","NOT SPECIFIED"," (D)","(D)"
"CENSUS","2012","YEAR","","COUNTY","ILLINOIS","17","WEST SOUTHWEST","60","BOND","005","","","00000000","","PUMPKINS","PUMPKINS - ACRES HARVESTED","TOTAL","NOT SPECIFIED"," (D)","(D)"
"CENSUS","2012","YEAR","","COUNTY","ILLINOIS","17","WEST SOUTHWEST","60","CALHOUN","013","","","00000000","","PUMPKINS","PUMPKINS - ACRES HARVESTED","TOTAL","NOT SPECIFIED","23","16.3"
"CENSUS","2012","YEAR","","COUNTY","ILLINOIS","17","WEST SOUTHWEST","60","CASS","017","","","00000000","","PUMPKINS","PUMPKINS - ACRES HARVESTED","TOTAL","NOT SPECIFIED"," (D)","(D)"
"CENSUS","2012","YEAR","","COUNTY","ILLINOIS","17","WEST SOUTHWEST","60","CHRISTIAN","021","","","00000000","","PUMPKINS","PUMPKINS - ACRES HARVESTED","TOTAL","NOT SPECIFIED"," (D)","(D)"
"CENSUS","2012","YEAR","","COUNTY","ILLINOIS","17","WEST SOUTHWEST","60","JERSEY","083","","","00000000","","PUMPKINS","PUMPKINS - ACRES HARVESTED","TOTAL","NOT SPECIFIED","7","16.3"
"CENSUS","2012","YEAR","","COUNTY","ILLINOIS","17","WEST SOUTHWEST","60","MACOUPIN","117","","","00000000","","PUMPKINS","PUMPKINS - ACRES HARVESTED","TOTAL","NOT SPECIFIED"," (D)","(D)"
"CENSUS","2012","YEAR","","COUNTY","ILLINOIS","17","WEST SOUTHWEST","60","MADISON","119","","","00000000","","PUMPKINS","PUMPKINS - ACRES HARVESTED","TOTAL","NOT SPECIFIED","168","16.3"
"CENSUS","2012","YEAR","","COUNTY","ILLINOIS","17","WEST SOUTHWEST","60","MORGAN","137","","","00000000","","PUMPKINS","PUMPKINS - ACRES HARVESTED","TOTAL","NOT SPECIFIED"," (D)","(D)"
"CENSUS","2012","YEAR","","COUNTY","ILLINOIS","17","WEST SOUTHWEST","60","PIKE","149","","","00000000","","PUMPKINS","PUMPKINS - ACRES HARVESTED","TOTAL","NOT SPECIFIED"," (D)","(D)"
"CENSUS","2012","YEAR","","COUNTY","ILLINOIS","17","WEST SOUTHWEST","60","SANGAMON","167","","","00000000","","PUMPKINS","PUMPKINS - ACRES HARVESTED","TOTAL","NOT SPECIFIED","19","16.3"
"CENSUS","2012","YEAR","","COUNTY","ILLINOIS","17","WEST SOUTHWEST","60","SCOTT","171","","","00000000","","PUMPKINS","PUMPKINS - ACRES HARVESTED","TOTAL","NOT SPECIFIED"," (D)","(D)"
"CENSUS","2007","YEAR","","COUNTY","ILLINOIS","17","CENTRAL","40","LOGAN","107","","","00000000","","PUMPKINS","PUMPKINS - ACRES HARVESTED","TOTAL","NOT SPECIFIED"," (D)",""
"CENSUS","2007","YEAR","","COUNTY","ILLINOIS","17","CENTRAL","40","MACON","115","","","00000000","","PUMPKINS","PUMPKINS - ACRES HARVESTED","TOTAL","NOT SPECIFIED"," (D)",""
"CENSUS","2007","YEAR","","COUNTY","ILLINOIS","17","CENTRAL","40","MARSHALL","123","","","00000000","","PUMPKINS","PUMPKINS - ACRES HARVESTED","TOTAL","NOT SPECIFIED"," (D)",""
"CENSUS","2007","YEAR","","COUNTY","ILLINOIS","17","CENTRAL","40","MASON","125","","","00000000","","PUMPKINS","PUMPKINS - ACRES HARVESTED","TOTAL","NOT SPECIFIED","1,766",""
"CENSUS","2007","YEAR","","COUNTY","ILLINOIS","17","CENTRAL","40","MCLEAN","113","","","00000000","","PUMPKINS","PUMPKINS - ACRES HARVESTED","TOTAL","NOT SPECIFIED"," (D)",""
"CENSUS","2007","YEAR","","COUNTY","ILLINOIS","17","CENTRAL","40","MENARD","129","","","00000000","","PUMPKINS","PUMPKINS - ACRES HARVESTED","TOTAL","NOT SPECIFIED"," (D)",""
"CENSUS","2007","YEAR","","COUNTY","ILLINOIS","17","CENTRAL","40","PEORIA","143","","","00000000","","PUMPKINS","PUMPKINS - ACRES HARVESTED","TOTAL","NOT SPECIFIED","1,781",""
"CENSUS","2007","YEAR","","COUNTY","ILLINOIS","17","CENTRAL","40","STARK","175","","","00000000","","PUMPKINS","PUMPKINS - ACRES HARVESTED","TOTAL","NOT SPECIFIED"," (D)",""
"CENSUS","2007","YEAR","","COUNTY","ILLINOIS","17","CENTRAL","40","TAZEWELL","179","","","00000000","","PUMPKINS","PUMPKINS - ACRES HARVESTED","TOTAL","NOT SPECIFIED","3,944",""
"CENSUS","2007","YEAR","","COUNTY","ILLINOIS","17","CENTRAL","40","WOODFORD","203","","","00000000","","PUMPKINS","PUMPKINS - ACRES HARVESTED","TOTAL","NOT SPECIFIED","536",""
"CENSUS","2007","YEAR","","COUNTY","ILLINOIS","17","EAST","50","CHAMPAIGN","019","","","00000000","","PUMPKINS","PUMPKINS - ACRES HARVESTED","TOTAL","NOT SPECIFIED"," (D)",""
"CENSUS","2007","YEAR","","COUNTY","ILLINOIS","17","EAST","50","FORD","053","","","00000000","","PUMPKINS","PUMPKINS - ACRES HARVESTED","TOTAL","NOT SPECIFIED"," (D)",""
"CENSUS","2007","YEAR","","COUNTY","ILLINOIS","17","EAST","50","IROQUOIS","075","","","00000000","","PUMPKINS","PUMPKINS - ACRES HARVESTED","TOTAL","NOT SPECIFIED"," (D)",""
"CENSUS","2007","YEAR","","COUNTY","ILLINOIS","17","EAST","50","KANKAKEE","091","","","00000000","","PUMPKINS","PUMPKINS - ACRES HARVESTED","TOTAL","NOT SPECIFIED","329",""
"CENSUS","2007","YEAR","","COUNTY","ILLINOIS","17","EAST","50","LIVINGSTON","105","","","00000000","","PUMPKINS","PUMPKINS - ACRES HARVESTED","TOTAL","NOT SPECIFIED"," (D)",""
"CENSUS","2007","YEAR","","COUNTY","ILLINOIS","17","EAST","50","PIATT","147","","","00000000","","PUMPKINS","PUMPKINS - ACRES HARVESTED","TOTAL","NOT SPECIFIED"," (D)",""
"CENSUS","2007","YEAR","","COUNTY","ILLINOIS","17","EAST","50","VERMILION","183","","","00000000","","PUMPKINS","PUMPKINS - ACRES HARVESTED","TOTAL","NOT SPECIFIED"," (D)",""
"CENSUS","2007","YEAR","","COUNTY","ILLINOIS","17","EAST SOUTHEAST","70","CLARK","023","","","00000000","","PUMPKINS","PUMPKINS - ACRES HARVESTED","TOTAL","NOT SPECIFIED"," (D)",""
"CENSUS","2007","YEAR","","COUNTY","ILLINOIS","17","EAST SOUTHEAST","70","CLAY","025","","","00000000","","PUMPKINS","PUMPKINS - ACRES HARVESTED","TOTAL","NOT SPECIFIED"," (D)",""
"CENSUS","2007","YEAR","","COUNTY","ILLINOIS","17","EAST SOUTHEAST","70","COLES","029","","","00000000","","PUMPKINS","PUMPKINS - ACRES HARVESTED","TOTAL","NOT SPECIFIED"," (D)",""
"CENSUS","2007","YEAR","","COUNTY","ILLINOIS","17","EAST SOUTHEAST","70","CUMBERLAND","035","","","00000000","","PUMPKINS","PUMPKINS - ACRES HARVESTED","TOTAL","NOT SPECIFIED"," (D)",""
"CENSUS","2007","YEAR","","COUNTY","ILLINOIS","17","EAST SOUTHEAST","70","EDGAR","045","","","00000000","","PUMPKINS","PUMPKINS - ACRES HARVESTED","TOTAL","NOT SPECIFIED"," (D)",""
"CENSUS","2007","YEAR","","COUNTY","ILLINOIS","17","EAST SOUTHEAST","70","EFFINGHAM","049","","","00000000","","PUMPKINS","PUMPKINS - ACRES HARVESTED","TOTAL","NOT SPECIFIED"," (D)",""
"CENSUS","2007","YEAR","","COUNTY","ILLINOIS","17","EAST SOUTHEAST","70","FAYETTE","051","","","00000000","","PUMPKINS","PUMPKINS - ACRES HARVESTED","TOTAL","NOT SPECIFIED"," (D)",""
"CENSUS","2007","YEAR","","COUNTY","ILLINOIS","17","EAST SOUTHEAST","70","MARION","121","","","00000000","","PUMPKINS","PUMPKINS - ACRES HARVESTED","TOTAL","NOT SPECIFIED","6",""
"CENSUS","2007","YEAR","","COUNTY","ILLINOIS","17","EAST SOUTHEAST","70","MOULTRIE","139","","","00000000","","PUMPKINS","PUMPKINS - ACRES HARVESTED","TOTAL","NOT SPECIFIED","63",""
"CENSUS","2007","YEAR","","COUNTY","ILLINOIS","17","NORTHEAST","20","BOONE","007","","","00000000","","PUMPKINS","PUMPKINS - ACRES HARVESTED","TOTAL","NOT SPECIFIED","50",""
"CENSUS","2007","YEAR","","COUNTY","ILLINOIS","17","NORTHEAST","20","COOK","031","","","00000000","","PUMPKINS","PUMPKINS - ACRES HARVESTED","TOTAL","NOT SPECIFIED","47",""
"CENSUS","2007","YEAR","","COUNTY","ILLINOIS","17","NORTHEAST","20","DE KALB","037","","","00000000","","PUMPKINS","PUMPKINS - ACRES HARVESTED","TOTAL","NOT SPECIFIED"," (D)",""
"CENSUS","2007","YEAR","","COUNTY","ILLINOIS","17","NORTHEAST","20","DU PAGE","043","","","00000000","","PUMPKINS","PUMPKINS - ACRES HARVESTED","TOTAL","NOT SPECIFIED"," (D)",""
"CENSUS","2007","YEAR","","COUNTY","ILLINOIS","17","NORTHEAST","20","GRUNDY","063","","","00000000","","PUMPKINS","PUMPKINS - ACRES HARVESTED","TOTAL","NOT SPECIFIED"," (D)",""
"CENSUS","2007","YEAR","","COUNTY","ILLINOIS","17","NORTHEAST","20","KANE","089","","","00000000","","PUMPKINS","PUMPKINS - ACRES HARVESTED","TOTAL","NOT SPECIFIED","228",""
"CENSUS","2007","YEAR","","COUNTY","ILLINOIS","17","NORTHEAST","20","KENDALL","093","","","00000000","","PUMPKINS","PUMPKINS - ACRES HARVESTED","TOTAL","NOT SPECIFIED","86",""
"CENSUS","2007","YEAR","","COUNTY","ILLINOIS","17","NORTHEAST","20","LA SALLE","099","","","00000000","","PUMPKINS","PUMPKINS - ACRES HARVESTED","TOTAL","NOT SPECIFIED","111",""
"CENSUS","2007","YEAR","","COUNTY","ILLINOIS","17","NORTHEAST","20","LAKE","097","","","00000000","","PUMPKINS","PUMPKINS - ACRES HARVESTED","TOTAL","NOT SPECIFIED","77",""
"CENSUS","2007","YEAR","","COUNTY","ILLINOIS","17","NORTHEAST","20","MCHENRY","111","","","00000000","","PUMPKINS","PUMPKINS - ACRES HARVESTED","TOTAL","NOT SPECIFIED","247",""
"CENSUS","2007","YEAR","","COUNTY","ILLINOIS","17","NORTHEAST","20","WILL","197","","","00000000","","PUMPKINS","PUMPKINS - ACRES HARVESTED","TOTAL","NOT SPECIFIED","78",""
"CENSUS","2007","YEAR","","COUNTY","ILLINOIS","17","NORTHWEST","10","BUREAU","011","","","00000000","","PUMPKINS","PUMPKINS - ACRES HARVESTED","TOTAL","NOT SPECIFIED"," (D)",""
"CENSUS","2007","YEAR","","COUNTY","ILLINOIS","17","NORTHWEST","10","CARROLL","015","","","00000000","","PUMPKINS","PUMPKINS - ACRES HARVESTED","TOTAL","NOT SPECIFIED"," (D)",""
"CENSUS","2007","YEAR","","COUNTY","ILLINOIS","17","NORTHWEST","10","HENRY","073","","","00000000","","PUMPKINS","PUMPKINS - ACRES HARVESTED","TOTAL","NOT SPECIFIED","21",""
"CENSUS","2007","YEAR","","COUNTY","ILLINOIS","17","NORTHWEST","10","JO DAVIESS","085","","","00000000","","PUMPKINS","PUMPKINS - ACRES HARVESTED","TOTAL","NOT SPECIFIED","5",""
"CENSUS","2007","YEAR","","COUNTY","ILLINOIS","17","NORTHWEST","10","LEE","103","","","00000000","","PUMPKINS","PUMPKINS - ACRES HARVESTED","TOTAL","NOT SPECIFIED","4",""
"CENSUS","2007","YEAR","","COUNTY","ILLINOIS","17","NORTHWEST","10","MERCER","131","","","00000000","","PUMPKINS","PUMPKINS - ACRES HARVESTED","TOTAL","NOT SPECIFIED"," (D)",""
"CENSUS","2007","YEAR","","COUNTY","ILLINOIS","17","NORTHWEST","10","OGLE","141","","","00000000","","PUMPKINS","PUMPKINS - ACRES HARVESTED","TOTAL","NOT SPECIFIED","50",""
"CENSUS","2007","YEAR","","COUNTY","ILLINOIS","17","NORTHWEST","10","PUTNAM","155","","","00000000","","PUMPKINS","PUMPKINS - ACRES HARVESTED","TOTAL","NOT SPECIFIED"," (D)",""
"CENSUS","2007","YEAR","","COUNTY","ILLINOIS","17","NORTHWEST","10","ROCK ISLAND","161","","","00000000","","PUMPKINS","PUMPKINS - ACRES HARVESTED","TOTAL","NOT SPECIFIED"," (D)",""
"CENSUS","2007","YEAR","","COUNTY","ILLINOIS","17","NORTHWEST","10","STEPHENSON","177","","","00000000","","PUMPKINS","PUMPKINS - ACRES HARVESTED","TOTAL","NOT SPECIFIED","2",""
"CENSUS","2007","YEAR","","COUNTY","ILLINOIS","17","NORTHWEST","10","WHITESIDE","195","","","00000000","","PUMPKINS","PUMPKINS - ACRES HARVESTED","TOTAL","NOT SPECIFIED","61",""
"CENSUS","2007","YEAR","","COUNTY","ILLINOIS","17","NORTHWEST","10","WINNEBAGO","201","","","00000000","","PUMPKINS","PUMPKINS - ACRES HARVESTED","TOTAL","NOT SPECIFIED","12",""
"CENSUS","2007","YEAR","","COUNTY","ILLINOIS","17","SOUTHEAST","90","FRANKLIN","055","","","00000000","","PUMPKINS","PUMPKINS - ACRES HARVESTED","TOTAL","NOT SPECIFIED"," (D)",""
"CENSUS","2007","YEAR","","COUNTY","ILLINOIS","17","SOUTHEAST","90","JEFFERSON","081","","","00000000","","PUMPKINS","PUMPKINS - ACRES HARVESTED","TOTAL","NOT SPECIFIED"," (D)",""
"CENSUS","2007","YEAR","","COUNTY","ILLINOIS","17","SOUTHEAST","90","MASSAC","127","","","00000000","","PUMPKINS","PUMPKINS - ACRES HARVESTED","TOTAL","NOT SPECIFIED"," (D)",""
"CENSUS","2007","YEAR","","COUNTY","ILLINOIS","17","SOUTHEAST","90","WAYNE","191","","","00000000","","PUMPKINS","PUMPKINS - ACRES HARVESTED","TOTAL","NOT SPECIFIED"," (D)",""
"CENSUS","2007","YEAR","","COUNTY","ILLINOIS","17","SOUTHEAST","90","WHITE","193","","","00000000","","PUMPKINS","PUMPKINS - ACRES HARVESTED","TOTAL","NOT SPECIFIED"," (D)",""
"CENSUS","2007","YEAR","","COUNTY","ILLINOIS","17","SOUTHWEST","80","ALEXANDER","003","","","00000000","","PUMPKINS","PUMPKINS - ACRES HARVESTED","TOTAL","NOT SPECIFIED"," (D)",""
"CENSUS","2007","YEAR","","COUNTY","ILLINOIS","17","SOUTHWEST","80","CLINTON","027","","","00000000","","PUMPKINS","PUMPKINS - ACRES HARVESTED","TOTAL","NOT SPECIFIED","5",""
"CENSUS","2007","YEAR","","COUNTY","ILLINOIS","17","SOUTHWEST","80","JACKSON","077","","","00000000","","PUMPKINS","PUMPKINS - ACRES HARVESTED","TOTAL","NOT SPECIFIED","23",""
"CENSUS","2007","YEAR","","COUNTY","ILLINOIS","17","SOUTHWEST","80","MONROE","133","","","00000000","","PUMPKINS","PUMPKINS - ACRES HARVESTED","TOTAL","NOT SPECIFIED","33",""
"CENSUS","2007","YEAR","","COUNTY","ILLINOIS","17","SOUTHWEST","80","PERRY","145","","","00000000","","PUMPKINS","PUMPKINS - ACRES HARVESTED","TOTAL","NOT SPECIFIED"," (D)",""
"CENSUS","2007","YEAR","","COUNTY","ILLINOIS","17","SOUTHWEST","80","RANDOLPH","157","","","00000000","","PUMPKINS","PUMPKINS - ACRES HARVESTED","TOTAL","NOT SPECIFIED"," (D)",""
"CENSUS","2007","YEAR","","COUNTY","ILLINOIS","17","SOUTHWEST","80","ST CLAIR","163","","","00000000","","PUMPKINS","PUMPKINS - ACRES HARVESTED","TOTAL","NOT SPECIFIED","78",""
"CENSUS","2007","YEAR","","COUNTY","ILLINOIS","17","SOUTHWEST","80","UNION","181","","","00000000","","PUMPKINS","PUMPKINS - ACRES HARVESTED","TOTAL","NOT SPECIFIED","16",""
"CENSUS","2007","YEAR","","COUNTY","ILLINOIS","17","SOUTHWEST","80","WASHINGTON","189","","","00000000","","PUMPKINS","PUMPKINS - ACRES HARVESTED","TOTAL","NOT SPECIFIED","1",""
"CENSUS","2007","YEAR","","COUNTY","ILLINOIS","17","SOUTHWEST","80","WILLIAMSON","199","","","00000000","","PUMPKINS","PUMPKINS - ACRES HARVESTED","TOTAL","NOT SPECIFIED"," (D)",""
"CENSUS","2007","YEAR","","COUNTY","ILLINOIS","17","WEST","30","ADAMS","001","","","00000000","","PUMPKINS","PUMPKINS - ACRES HARVESTED","TOTAL","NOT SPECIFIED"," (D)",""
"CENSUS","2007","YEAR","","COUNTY","ILLINOIS","17","WEST","30","BROWN","009","","","00000000","","PUMPKINS","PUMPKINS - ACRES HARVESTED","TOTAL","NOT SPECIFIED"," (D)",""
"CENSUS","2007","YEAR","","COUNTY","ILLINOIS","17","WEST","30","FULTON","057","","","00000000","","PUMPKINS","PUMPKINS - ACRES HARVESTED","TOTAL","NOT SPECIFIED","8",""
"CENSUS","2007","YEAR","","COUNTY","ILLINOIS","17","WEST","30","HANCOCK","067","","","00000000","","PUMPKINS","PUMPKINS - ACRES HARVESTED","TOTAL","NOT SPECIFIED"," (D)",""
"CENSUS","2007","YEAR","","COUNTY","ILLINOIS","17","WEST","30","HENDERSON","071","","","00000000","","PUMPKINS","PUMPKINS - ACRES HARVESTED","TOTAL","NOT SPECIFIED"," (D)",""
"CENSUS","2007","YEAR","","COUNTY","ILLINOIS","17","WEST","30","KNOX","095","","","00000000","","PUMPKINS","PUMPKINS - ACRES HARVESTED","TOTAL","NOT SPECIFIED"," (D)",""
"CENSUS","2007","YEAR","","COUNTY","ILLINOIS","17","WEST","30","MCDONOUGH","109","","","00000000","","PUMPKINS","PUMPKINS - ACRES HARVESTED","TOTAL","NOT SPECIFIED","1",""
"CENSUS","2007","YEAR","","COUNTY","ILLINOIS","17","WEST","30","SCHUYLER","169","","","00000000","","PUMPKINS","PUMPKINS - ACRES HARVESTED","TOTAL","NOT SPECIFIED"," (D)",""
"CENSUS","2007","YEAR","","COUNTY","ILLINOIS","17","WEST SOUTHWEST","60","BOND","005","","","00000000","","PUMPKINS","PUMPKINS - ACRES HARVESTED","TOTAL","NOT SPECIFIED","1",""
"CENSUS","2007","YEAR","","COUNTY","ILLINOIS","17","WEST SOUTHWEST","60","CALHOUN","013","","","00000000","","PUMPKINS","PUMPKINS - ACRES HARVESTED","TOTAL","NOT SPECIFIED","55",""
"CENSUS","2007","YEAR","","COUNTY","ILLINOIS","17","WEST SOUTHWEST","60","CASS","017","","","00000000","","PUMPKINS","PUMPKINS - ACRES HARVESTED","TOTAL","NOT SPECIFIED","54",""
"CENSUS","2007","YEAR","","COUNTY","ILLINOIS","17","WEST SOUTHWEST","60","CHRISTIAN","021","","","00000000","","PUMPKINS","PUMPKINS - ACRES HARVESTED","TOTAL","NOT SPECIFIED"," (D)",""
"CENSUS","2007","YEAR","","COUNTY","ILLINOIS","17","WEST SOUTHWEST","60","JERSEY","083","","","00000000","","PUMPKINS","PUMPKINS - ACRES HARVESTED","TOTAL","NOT SPECIFIED"," (D)",""
"CENSUS","2007","YEAR","","COUNTY","ILLINOIS","17","WEST SOUTHWEST","60","MACOUPIN","117","","","00000000","","PUMPKINS","PUMPKINS - ACRES HARVESTED","TOTAL","NOT SPECIFIED","37",""
"CENSUS","2007","YEAR","","COUNTY","ILLINOIS","17","WEST SOUTHWEST","60","MADISON","119","","","00000000","","PUMPKINS","PUMPKINS - ACRES HARVESTED","TOTAL","NOT SPECIFIED","79",""
"CENSUS","2007","YEAR","","COUNTY","ILLINOIS","17","WEST SOUTHWEST","60","MORGAN","137","","","00000000","","PUMPKINS","PUMPKINS - ACRES HARVESTED","TOTAL","NOT SPECIFIED","8",""
"CENSUS","2007","YEAR","","COUNTY","ILLINOIS","17","WEST SOUTHWEST","60","PIKE","149","","","00000000","","PUMPKINS","PUMPKINS - ACRES HARVESTED","TOTAL","NOT SPECIFIED"," (D)",""
"CENSUS","2007","YEAR","","COUNTY","ILLINOIS","17","WEST SOUTHWEST","60","SANGAMON","167","","","00000000","","PUMPKINS","PUMPKINS - ACRES HARVESTED","TOTAL","NOT SPECIFIED","16",""
"CENSUS","2007","YEAR","","COUNTY","ILLINOIS","17","WEST SOUTHWEST","60","SCOTT","171","","","00000000","","PUMPKINS","PUMPKINS - ACRES HARVESTED","TOTAL","NOT SPECIFIED"," (D)",""
"CENSUS","2002","YEAR","","COUNTY","ILLINOIS","17","CENTRAL","40","LOGAN","107","","","00000000","","PUMPKINS","PUMPKINS - ACRES HARVESTED","TOTAL","NOT SPECIFIED","186",""
"CENSUS","2002","YEAR","","COUNTY","ILLINOIS","17","CENTRAL","40","MACON","115","","","00000000","","PUMPKINS","PUMPKINS - ACRES HARVESTED","TOTAL","NOT SPECIFIED"," (D)",""
"CENSUS","2002","YEAR","","COUNTY","ILLINOIS","17","CENTRAL","40","MARSHALL","123","","","00000000","","PUMPKINS","PUMPKINS - ACRES HARVESTED","TOTAL","NOT SPECIFIED","149",""
"CENSUS","2002","YEAR","","COUNTY","ILLINOIS","17","CENTRAL","40","MASON","125","","","00000000","","PUMPKINS","PUMPKINS - ACRES HARVESTED","TOTAL","NOT SPECIFIED","360",""
"CENSUS","2002","YEAR","","COUNTY","ILLINOIS","17","CENTRAL","40","MCLEAN","113","","","00000000","","PUMPKINS","PUMPKINS - ACRES HARVESTED","TOTAL","NOT SPECIFIED","18",""
"CENSUS","2002","YEAR","","COUNTY","ILLINOIS","17","CENTRAL","40","MENARD","129","","","00000000","","PUMPKINS","PUMPKINS - ACRES HARVESTED","TOTAL","NOT SPECIFIED"," (D)",""
"CENSUS","2002","YEAR","","COUNTY","ILLINOIS","17","CENTRAL","40","PEORIA","143","","","00000000","","PUMPKINS","PUMPKINS - ACRES HARVESTED","TOTAL","NOT SPECIFIED"," (D)",""
"CENSUS","2002","YEAR","","COUNTY","ILLINOIS","17","CENTRAL","40","STARK","175","","","00000000","","PUMPKINS","PUMPKINS - ACRES HARVESTED","TOTAL","NOT SPECIFIED"," (D)",""
"CENSUS","2002","YEAR","","COUNTY","ILLINOIS","17","CENTRAL","40","TAZEWELL","179","","","00000000","","PUMPKINS","PUMPKINS - ACRES HARVESTED","TOTAL","NOT SPECIFIED","3,438",""
"CENSUS","2002","YEAR","","COUNTY","ILLINOIS","17","CENTRAL","40","WOODFORD","203","","","00000000","","PUMPKINS","PUMPKINS - ACRES HARVESTED","TOTAL","NOT SPECIFIED","108",""
"CENSUS","2002","YEAR","","COUNTY","ILLINOIS","17","EAST","50","CHAMPAIGN","019","","","00000000","","PUMPKINS","PUMPKINS - ACRES HARVESTED","TOTAL","NOT SPECIFIED","71",""
"CENSUS","2002","YEAR","","COUNTY","ILLINOIS","17","EAST","50","IROQUOIS","075","","","00000000","","PUMPKINS","PUMPKINS - ACRES HARVESTED","TOTAL","NOT SPECIFIED"," (D)",""
"CENSUS","2002","YEAR","","COUNTY","ILLINOIS","17","EAST","50","KANKAKEE","091","","","00000000","","PUMPKINS","PUMPKINS - ACRES HARVESTED","TOTAL","NOT SPECIFIED","497",""
"CENSUS","2002","YEAR","","COUNTY","ILLINOIS","17","EAST","50","LIVINGSTON","105","","","00000000","","PUMPKINS","PUMPKINS - ACRES HARVESTED","TOTAL","NOT SPECIFIED"," (D)",""
"CENSUS","2002","YEAR","","COUNTY","ILLINOIS","17","EAST","50","VERMILION","183","","","00000000","","PUMPKINS","PUMPKINS - ACRES HARVESTED","TOTAL","NOT SPECIFIED"," (D)",""
"CENSUS","2002","YEAR","","COUNTY","ILLINOIS","17","EAST SOUTHEAST","70","CLARK","023","","","00000000","","PUMPKINS","PUMPKINS - ACRES HARVESTED","TOTAL","NOT SPECIFIED"," (D)",""
"CENSUS","2002","YEAR","","COUNTY","ILLINOIS","17","EAST SOUTHEAST","70","COLES","029","","","00000000","","PUMPKINS","PUMPKINS - ACRES HARVESTED","TOTAL","NOT SPECIFIED","7",""
"CENSUS","2002","YEAR","","COUNTY","ILLINOIS","17","EAST SOUTHEAST","70","CRAWFORD","033","","","00000000","","PUMPKINS","PUMPKINS - ACRES HARVESTED","TOTAL","NOT SPECIFIED"," (D)",""
"CENSUS","2002","YEAR","","COUNTY","ILLINOIS","17","EAST SOUTHEAST","70","CUMBERLAND","035","","","00000000","","PUMPKINS","PUMPKINS - ACRES HARVESTED","TOTAL","NOT SPECIFIED"," (D)",""
"CENSUS","2002","YEAR","","COUNTY","ILLINOIS","17","EAST SOUTHEAST","70","DOUGLAS","041","","","00000000","","PUMPKINS","PUMPKINS - ACRES HARVESTED","TOTAL","NOT SPECIFIED"," (D)",""
"CENSUS","2002","YEAR","","COUNTY","ILLINOIS","17","EAST SOUTHEAST","70","EDGAR","045","","","00000000","","PUMPKINS","PUMPKINS - ACRES HARVESTED","TOTAL","NOT SPECIFIED"," (D)",""
"CENSUS","2002","YEAR","","COUNTY","ILLINOIS","17","EAST SOUTHEAST","70","EFFINGHAM","049","","","00000000","","PUMPKINS","PUMPKINS - ACRES HARVESTED","TOTAL","NOT SPECIFIED","3",""
"CENSUS","2002","YEAR","","COUNTY","ILLINOIS","17","EAST SOUTHEAST","70","FAYETTE","051","","","00000000","","PUMPKINS","PUMPKINS - ACRES HARVESTED","TOTAL","NOT SPECIFIED","15",""
"CENSUS","2002","YEAR","","COUNTY","ILLINOIS","17","EAST SOUTHEAST","70","LAWRENCE","101","","","00000000","","PUMPKINS","PUMPKINS - ACRES HARVESTED","TOTAL","NOT SPECIFIED"," (D)",""
"CENSUS","2002","YEAR","","COUNTY","ILLINOIS","17","EAST SOUTHEAST","70","MARION","121","","","00000000","","PUMPKINS","PUMPKINS - ACRES HARVESTED","TOTAL","NOT SPECIFIED"," (D)",""
"CENSUS","2002","YEAR","","COUNTY","ILLINOIS","17","EAST SOUTHEAST","70","MOULTRIE","139","","","00000000","","PUMPKINS","PUMPKINS - ACRES HARVESTED","TOTAL","NOT SPECIFIED"," (D)",""
"CENSUS","2002","YEAR","","COUNTY","ILLINOIS","17","NORTHEAST","20","BOONE","007","","","00000000","","PUMPKINS","PUMPKINS - ACRES HARVESTED","TOTAL","NOT SPECIFIED","27",""
"CENSUS","2002","YEAR","","COUNTY","ILLINOIS","17","NORTHEAST","20","COOK","031","","","00000000","","PUMPKINS","PUMPKINS - ACRES HARVESTED","TOTAL","NOT SPECIFIED","91",""
"CENSUS","2002","YEAR","","COUNTY","ILLINOIS","17","NORTHEAST","20","DE KALB","037","","","00000000","","PUMPKINS","PUMPKINS - ACRES HARVESTED","TOTAL","NOT SPECIFIED","55",""
"CENSUS","2002","YEAR","","COUNTY","ILLINOIS","17","NORTHEAST","20","DU PAGE","043","","","00000000","","PUMPKINS","PUMPKINS - ACRES HARVESTED","TOTAL","NOT SPECIFIED","85",""
"CENSUS","2002","YEAR","","COUNTY","ILLINOIS","17","NORTHEAST","20","GRUNDY","063","","","00000000","","PUMPKINS","PUMPKINS - ACRES HARVESTED","TOTAL","NOT SPECIFIED","49",""
"CENSUS","2002","YEAR","","COUNTY","ILLINOIS","17","NORTHEAST","20","KANE","089","","","00000000","","PUMPKINS","PUMPKINS - ACRES HARVESTED","TOTAL","NOT SPECIFIED","131",""
"CENSUS","2002","YEAR","","COUNTY","ILLINOIS","17","NORTHEAST","20","KENDALL","093","","","00000000","","PUMPKINS","PUMPKINS - ACRES HARVESTED","TOTAL","NOT SPECIFIED"," (D)",""
"CENSUS","2002","YEAR","","COUNTY","ILLINOIS","17","NORTHEAST","20","LA SALLE","099","","","00000000","","PUMPKINS","PUMPKINS - ACRES HARVESTED","TOTAL","NOT SPECIFIED","41",""
"CENSUS","2002","YEAR","","COUNTY","ILLINOIS","17","NORTHEAST","20","LAKE","097","","","00000000","","PUMPKINS","PUMPKINS - ACRES HARVESTED","TOTAL","NOT SPECIFIED","92",""
"CENSUS","2002","YEAR","","COUNTY","ILLINOIS","17","NORTHEAST","20","MCHENRY","111","","","00000000","","PUMPKINS","PUMPKINS - ACRES HARVESTED","TOTAL","NOT SPECIFIED"," (D)",""
"CENSUS","2002","YEAR","","COUNTY","ILLINOIS","17","NORTHEAST","20","WILL","197","","","00000000","","PUMPKINS","PUMPKINS - ACRES HARVESTED","TOTAL","NOT SPECIFIED","178",""
"CENSUS","2002","YEAR","","COUNTY","ILLINOIS","17","NORTHWEST","10","BUREAU","011","","","00000000","","PUMPKINS","PUMPKINS - ACRES HARVESTED","TOTAL","NOT SPECIFIED"," (D)",""
"CENSUS","2002","YEAR","","COUNTY","ILLINOIS","17","NORTHWEST","10","CARROLL","015","","","00000000","","PUMPKINS","PUMPKINS - ACRES HARVESTED","TOTAL","NOT SPECIFIED","118",""
"CENSUS","2002","YEAR","","COUNTY","ILLINOIS","17","NORTHWEST","10","HENRY","073","","","00000000","","PUMPKINS","PUMPKINS - ACRES HARVESTED","TOTAL","NOT SPECIFIED","3",""
"CENSUS","2002","YEAR","","COUNTY","ILLINOIS","17","NORTHWEST","10","JO DAVIESS","085","","","00000000","","PUMPKINS","PUMPKINS - ACRES HARVESTED","TOTAL","NOT SPECIFIED","4",""
"CENSUS","2002","YEAR","","COUNTY","ILLINOIS","17","NORTHWEST","10","LEE","103","","","00000000","","PUMPKINS","PUMPKINS - ACRES HARVESTED","TOTAL","NOT SPECIFIED","22",""
"CENSUS","2002","YEAR","","COUNTY","ILLINOIS","17","NORTHWEST","10","MERCER","131","","","00000000","","PUMPKINS","PUMPKINS - ACRES HARVESTED","TOTAL","NOT SPECIFIED"," (D)",""
"CENSUS","2002","YEAR","","COUNTY","ILLINOIS","17","NORTHWEST","10","OGLE","141","","","00000000","","PUMPKINS","PUMPKINS - ACRES HARVESTED","TOTAL","NOT SPECIFIED"," (D)",""
"CENSUS","2002","YEAR","","COUNTY","ILLINOIS","17","NORTHWEST","10","PUTNAM","155","","","00000000","","PUMPKINS","PUMPKINS - ACRES HARVESTED","TOTAL","NOT SPECIFIED","45",""
"CENSUS","2002","YEAR","","COUNTY","ILLINOIS","17","NORTHWEST","10","ROCK ISLAND","161","","","00000000","","PUMPKINS","PUMPKINS - ACRES HARVESTED","TOTAL","NOT SPECIFIED"," (D)",""
"CENSUS","2002","YEAR","","COUNTY","ILLINOIS","17","NORTHWEST","10","STEPHENSON","177","","","00000000","","PUMPKINS","PUMPKINS - ACRES HARVESTED","TOTAL","NOT SPECIFIED"," (D)",""
"CENSUS","2002","YEAR","","COUNTY","ILLINOIS","17","NORTHWEST","10","WHITESIDE","195","","","00000000","","PUMPKINS","PUMPKINS - ACRES HARVESTED","TOTAL","NOT SPECIFIED"," (D)",""
"CENSUS","2002","YEAR","","COUNTY","ILLINOIS","17","NORTHWEST","10","WINNEBAGO","201","","","00000000","","PUMPKINS","PUMPKINS - ACRES HARVESTED","TOTAL","NOT SPECIFIED","65",""
"CENSUS","2002","YEAR","","COUNTY","ILLINOIS","17","SOUTHEAST","90","FRANKLIN","055","","","00000000","","PUMPKINS","PUMPKINS - ACRES HARVESTED","TOTAL","NOT SPECIFIED"," (D)",""
"CENSUS","2002","YEAR","","COUNTY","ILLINOIS","17","SOUTHEAST","90","GALLATIN","059","","","00000000","","PUMPKINS","PUMPKINS - ACRES HARVESTED","TOTAL","NOT SPECIFIED"," (D)",""
"CENSUS","2002","YEAR","","COUNTY","ILLINOIS","17","SOUTHEAST","90","HARDIN","069","","","00000000","","PUMPKINS","PUMPKINS - ACRES HARVESTED","TOTAL","NOT SPECIFIED"," (D)",""
"CENSUS","2002","YEAR","","COUNTY","ILLINOIS","17","SOUTHEAST","90","JEFFERSON","081","","","00000000","","PUMPKINS","PUMPKINS - ACRES HARVESTED","TOTAL","NOT SPECIFIED"," (D)",""
"CENSUS","2002","YEAR","","COUNTY","ILLINOIS","17","SOUTHEAST","90","MASSAC","127","","","00000000","","PUMPKINS","PUMPKINS - ACRES HARVESTED","TOTAL","NOT SPECIFIED"," (D)",""
"CENSUS","2002","YEAR","","COUNTY","ILLINOIS","17","SOUTHEAST","90","WABASH","185","","","00000000","","PUMPKINS","PUMPKINS - ACRES HARVESTED","TOTAL","NOT SPECIFIED","4",""
"CENSUS","2002","YEAR","","COUNTY","ILLINOIS","17","SOUTHEAST","90","WAYNE","191","","","00000000","","PUMPKINS","PUMPKINS - ACRES HARVESTED","TOTAL","NOT SPECIFIED"," (D)",""
"CENSUS","2002","YEAR","","COUNTY","ILLINOIS","17","SOUTHWEST","80","JACKSON","077","","","00000000","","PUMPKINS","PUMPKINS - ACRES HARVESTED","TOTAL","NOT SPECIFIED"," (D)",""
"CENSUS","2002","YEAR","","COUNTY","ILLINOIS","17","SOUTHWEST","80","MONROE","133","","","00000000","","PUMPKINS","PUMPKINS - ACRES HARVESTED","TOTAL","NOT SPECIFIED"," (D)",""
"CENSUS","2002","YEAR","","COUNTY","ILLINOIS","17","SOUTHWEST","80","PERRY","145","","","00000000","","PUMPKINS","PUMPKINS - ACRES HARVESTED","TOTAL","NOT SPECIFIED"," (D)",""
"CENSUS","2002","YEAR","","COUNTY","ILLINOIS","17","SOUTHWEST","80","ST CLAIR","163","","","00000000","","PUMPKINS","PUMPKINS - ACRES HARVESTED","TOTAL","NOT SPECIFIED"," (D)",""
"CENSUS","2002","YEAR","","COUNTY","ILLINOIS","17","SOUTHWEST","80","UNION","181","","","00000000","","PUMPKINS","PUMPKINS - ACRES HARVESTED","TOTAL","NOT SPECIFIED","20",""
"CENSUS","2002","YEAR","","COUNTY","ILLINOIS","17","SOUTHWEST","80","WASHINGTON","189","","","00000000","","PUMPKINS","PUMPKINS - ACRES HARVESTED","TOTAL","NOT SPECIFIED","4",""
"CENSUS","2002","YEAR","","COUNTY","ILLINOIS","17","SOUTHWEST","80","WILLIAMSON","199","","","00000000","","PUMPKINS","PUMPKINS - ACRES HARVESTED","TOTAL","NOT SPECIFIED","12",""
"CENSUS","2002","YEAR","","COUNTY","ILLINOIS","17","WEST","30","ADAMS","001","","","00000000","","PUMPKINS","PUMPKINS - ACRES HARVESTED","TOTAL","NOT SPECIFIED"," (D)",""
"CENSUS","2002","YEAR","","COUNTY","ILLINOIS","17","WEST","30","BROWN","009","","","00000000","","PUMPKINS","PUMPKINS - ACRES HARVESTED","TOTAL","NOT SPECIFIED","22",""
"CENSUS","2002","YEAR","","COUNTY","ILLINOIS","17","WEST","30","FULTON","057","","","00000000","","PUMPKINS","PUMPKINS - ACRES HARVESTED","TOTAL","NOT SPECIFIED"," (D)",""
"CENSUS","2002","YEAR","","COUNTY","ILLINOIS","17","WEST","30","HENDERSON","071","","","00000000","","PUMPKINS","PUMPKINS - ACRES HARVESTED","TOTAL","NOT SPECIFIED"," (D)",""
"CENSUS","2002","YEAR","","COUNTY","ILLINOIS","17","WEST","30","KNOX","095","","","00000000","","PUMPKINS","PUMPKINS - ACRES HARVESTED","TOTAL","NOT SPECIFIED"," (D)",""
"CENSUS","2002","YEAR","","COUNTY","ILLINOIS","17","WEST","30","MCDONOUGH","109","","","00000000","","PUMPKINS","PUMPKINS - ACRES HARVESTED","TOTAL","NOT SPECIFIED"," (D)",""
"CENSUS","2002","YEAR","","COUNTY","ILLINOIS","17","WEST","30","SCHUYLER","169","","","00000000","","PUMPKINS","PUMPKINS - ACRES HARVESTED","TOTAL","NOT SPECIFIED"," (D)",""
"CENSUS","2002","YEAR","","COUNTY","ILLINOIS","17","WEST SOUTHWEST","60","BOND","005","","","00000000","","PUMPKINS","PUMPKINS - ACRES HARVESTED","TOTAL","NOT SPECIFIED"," (D)",""
"CENSUS","2002","YEAR","","COUNTY","ILLINOIS","17","WEST SOUTHWEST","60","CALHOUN","013","","","00000000","","PUMPKINS","PUMPKINS - ACRES HARVESTED","TOTAL","NOT SPECIFIED"," (D)",""
"CENSUS","2002","YEAR","","COUNTY","ILLINOIS","17","WEST SOUTHWEST","60","CASS","017","","","00000000","","PUMPKINS","PUMPKINS - ACRES HARVESTED","TOTAL","NOT SPECIFIED"," (D)",""
"CENSUS","2002","YEAR","","COUNTY","ILLINOIS","17","WEST SOUTHWEST","60","CHRISTIAN","021","","","00000000","","PUMPKINS","PUMPKINS - ACRES HARVESTED","TOTAL","NOT SPECIFIED"," (D)",""
"CENSUS","2002","YEAR","","COUNTY","ILLINOIS","17","WEST SOUTHWEST","60","GREENE","061","","","00000000","","PUMPKINS","PUMPKINS - ACRES HARVESTED","TOTAL","NOT SPECIFIED"," (D)",""
"CENSUS","2002","YEAR","","COUNTY","ILLINOIS","17","WEST SOUTHWEST","60","MACOUPIN","117","","","00000000","","PUMPKINS","PUMPKINS - ACRES HARVESTED","TOTAL","NOT SPECIFIED","28",""
"CENSUS","2002","YEAR","","COUNTY","ILLINOIS","17","WEST SOUTHWEST","60","MADISON","119","","","00000000","","PUMPKINS","PUMPKINS - ACRES HARVESTED","TOTAL","NOT SPECIFIED","101",""
"CENSUS","2002","YEAR","","COUNTY","ILLINOIS","17","WEST SOUTHWEST","60","MORGAN","137","","","00000000","","PUMPKINS","PUMPKINS - ACRES HARVESTED","TOTAL","NOT SPECIFIED","5",""
"CENSUS","2002","YEAR","","COUNTY","ILLINOIS","17","WEST SOUTHWEST","60","PIKE","149","","","00000000","","PUMPKINS","PUMPKINS - ACRES HARVESTED","TOTAL","NOT SPECIFIED","120",""
"CENSUS","2002","YEAR","","COUNTY","ILLINOIS","17","WEST SOUTHWEST","60","SANGAMON","167","","","00000000","","PUMPKINS","PUMPKINS - ACRES HARVESTED","TOTAL","NOT SPECIFIED","15",""
"CENSUS","2002","YEAR","","COUNTY","ILLINOIS","17","WEST SOUTHWEST","60","SCOTT","171","","","00000000","","PUMPKINS","PUMPKINS - ACRES HARVESTED","TOTAL","NOT SPECIFIED"," (D)",""
"CENSUS","1997","YEAR","","COUNTY","ILLINOIS","17","CENTRAL","40","MARSHALL","123","","","00000000","","PUMPKINS","PUMPKINS - ACRES HARVESTED","TOTAL","NOT SPECIFIED"," (D)",""
"CENSUS","1997","YEAR","","COUNTY","ILLINOIS","17","CENTRAL","40","MASON","125","","","00000000","","PUMPKINS","PUMPKINS - ACRES HARVESTED","TOTAL","NOT SPECIFIED","286",""
"CENSUS","1997","YEAR","","COUNTY","ILLINOIS","17","CENTRAL","40","MCLEAN","113","","","00000000","","PUMPKINS","PUMPKINS - ACRES HARVESTED","TOTAL","NOT SPECIFIED","39",""
"CENSUS","1997","YEAR","","COUNTY","ILLINOIS","17","CENTRAL","40","PEORIA","143","","","00000000","","PUMPKINS","PUMPKINS - ACRES HARVESTED","TOTAL","NOT SPECIFIED","118",""
"CENSUS","1997","YEAR","","COUNTY","ILLINOIS","17","CENTRAL","40","TAZEWELL","179","","","00000000","","PUMPKINS","PUMPKINS - ACRES HARVESTED","TOTAL","NOT SPECIFIED","2,181",""
"CENSUS","1997","YEAR","","COUNTY","ILLINOIS","17","CENTRAL","40","WOODFORD","203","","","00000000","","PUMPKINS","PUMPKINS - ACRES HARVESTED","TOTAL","NOT SPECIFIED","78",""
"CENSUS","1997","YEAR","","COUNTY","ILLINOIS","17","EAST","50","CHAMPAIGN","019","","","00000000","","PUMPKINS","PUMPKINS - ACRES HARVESTED","TOTAL","NOT SPECIFIED","108",""
"CENSUS","1997","YEAR","","COUNTY","ILLINOIS","17","EAST","50","IROQUOIS","075","","","00000000","","PUMPKINS","PUMPKINS - ACRES HARVESTED","TOTAL","NOT SPECIFIED","743",""
"CENSUS","1997","YEAR","","COUNTY","ILLINOIS","17","EAST","50","KANKAKEE","091","","","00000000","","PUMPKINS","PUMPKINS - ACRES HARVESTED","TOTAL","NOT SPECIFIED","558",""
"CENSUS","1997","YEAR","","COUNTY","ILLINOIS","17","EAST","50","VERMILION","183","","","00000000","","PUMPKINS","PUMPKINS - ACRES HARVESTED","TOTAL","NOT SPECIFIED","179",""
"CENSUS","1997","YEAR","","COUNTY","ILLINOIS","17","EAST SOUTHEAST","70","CLARK","023","","","00000000","","PUMPKINS","PUMPKINS - ACRES HARVESTED","TOTAL","NOT SPECIFIED"," (D)",""
"CENSUS","1997","YEAR","","COUNTY","ILLINOIS","17","EAST SOUTHEAST","70","COLES","029","","","00000000","","PUMPKINS","PUMPKINS - ACRES HARVESTED","TOTAL","NOT SPECIFIED","9",""
"CENSUS","1997","YEAR","","COUNTY","ILLINOIS","17","EAST SOUTHEAST","70","CUMBERLAND","035","","","00000000","","PUMPKINS","PUMPKINS - ACRES HARVESTED","TOTAL","NOT SPECIFIED"," (D)",""
"CENSUS","1997","YEAR","","COUNTY","ILLINOIS","17","EAST SOUTHEAST","70","FAYETTE","051","","","00000000","","PUMPKINS","PUMPKINS - ACRES HARVESTED","TOTAL","NOT SPECIFIED"," (D)",""
"CENSUS","1997","YEAR","","COUNTY","ILLINOIS","17","EAST SOUTHEAST","70","MARION","121","","","00000000","","PUMPKINS","PUMPKINS - ACRES HARVESTED","TOTAL","NOT SPECIFIED","19",""
"CENSUS","1997","YEAR","","COUNTY","ILLINOIS","17","EAST SOUTHEAST","70","MOULTRIE","139","","","00000000","","PUMPKINS","PUMPKINS - ACRES HARVESTED","TOTAL","NOT SPECIFIED","446",""
"CENSUS","1997","YEAR","","COUNTY","ILLINOIS","17","NORTHEAST","20","BOONE","007","","","00000000","","PUMPKINS","PUMPKINS - ACRES HARVESTED","TOTAL","NOT SPECIFIED","17",""
"CENSUS","1997","YEAR","","COUNTY","ILLINOIS","17","NORTHEAST","20","COOK","031","","","00000000","","PUMPKINS","PUMPKINS - ACRES HARVESTED","TOTAL","NOT SPECIFIED","102",""
"CENSUS","1997","YEAR","","COUNTY","ILLINOIS","17","NORTHEAST","20","DE KALB","037","","","00000000","","PUMPKINS","PUMPKINS - ACRES HARVESTED","TOTAL","NOT SPECIFIED","37",""
"CENSUS","1997","YEAR","","COUNTY","ILLINOIS","17","NORTHEAST","20","DU PAGE","043","","","00000000","","PUMPKINS","PUMPKINS - ACRES HARVESTED","TOTAL","NOT SPECIFIED","75",""
"CENSUS","1997","YEAR","","COUNTY","ILLINOIS","17","NORTHEAST","20","KANE","089","","","00000000","","PUMPKINS","PUMPKINS - ACRES HARVESTED","TOTAL","NOT SPECIFIED","118",""
"CENSUS","1997","YEAR","","COUNTY","ILLINOIS","17","NORTHEAST","20","LA SALLE","099","","","00000000","","PUMPKINS","PUMPKINS - ACRES HARVESTED","TOTAL","NOT SPECIFIED"," (D)",""
"CENSUS","1997","YEAR","","COUNTY","ILLINOIS","17","NORTHEAST","20","LAKE","097","","","00000000","","PUMPKINS","PUMPKINS - ACRES HARVESTED","TOTAL","NOT SPECIFIED","157",""
"CENSUS","1997","YEAR","","COUNTY","ILLINOIS","17","NORTHEAST","20","MCHENRY","111","","","00000000","","PUMPKINS","PUMPKINS - ACRES HARVESTED","TOTAL","NOT SPECIFIED","148",""
"CENSUS","1997","YEAR","","COUNTY","ILLINOIS","17","NORTHEAST","20","WILL","197","","","00000000","","PUMPKINS","PUMPKINS - ACRES HARVESTED","TOTAL","NOT SPECIFIED","255",""
"CENSUS","1997","YEAR","","COUNTY","ILLINOIS","17","NORTHWEST","10","BUREAU","011","","","00000000","","PUMPKINS","PUMPKINS - ACRES HARVESTED","TOTAL","NOT SPECIFIED","22",""
"CENSUS","1997","YEAR","","COUNTY","ILLINOIS","17","NORTHWEST","10","CARROLL","015","","","00000000","","PUMPKINS","PUMPKINS - ACRES HARVESTED","TOTAL","NOT SPECIFIED"," (D)",""
"CENSUS","1997","YEAR","","COUNTY","ILLINOIS","17","NORTHWEST","10","HENRY","073","","","00000000","","PUMPKINS","PUMPKINS - ACRES HARVESTED","TOTAL","NOT SPECIFIED","5",""
"CENSUS","1997","YEAR","","COUNTY","ILLINOIS","17","NORTHWEST","10","JO DAVIESS","085","","","00000000","","PUMPKINS","PUMPKINS - ACRES HARVESTED","TOTAL","NOT SPECIFIED"," (D)",""
"CENSUS","1997","YEAR","","COUNTY","ILLINOIS","17","NORTHWEST","10","LEE","103","","","00000000","","PUMPKINS","PUMPKINS - ACRES HARVESTED","TOTAL","NOT SPECIFIED"," (D)",""
"CENSUS","1997","YEAR","","COUNTY","ILLINOIS","17","NORTHWEST","10","OGLE","141","","","00000000","","PUMPKINS","PUMPKINS - ACRES HARVESTED","TOTAL","NOT SPECIFIED","27",""
"CENSUS","1997","YEAR","","COUNTY","ILLINOIS","17","NORTHWEST","10","ROCK ISLAND","161","","","00000000","","PUMPKINS","PUMPKINS - ACRES HARVESTED","TOTAL","NOT SPECIFIED","27",""
"CENSUS","1997","YEAR","","COUNTY","ILLINOIS","17","NORTHWEST","10","STEPHENSON","177","","","00000000","","PUMPKINS","PUMPKINS - ACRES HARVESTED","TOTAL","NOT SPECIFIED","10",""
"CENSUS","1997","YEAR","","COUNTY","ILLINOIS","17","NORTHWEST","10","WHITESIDE","195","","","00000000","","PUMPKINS","PUMPKINS - ACRES HARVESTED","TOTAL","NOT SPECIFIED","24",""
"CENSUS","1997","YEAR","","COUNTY","ILLINOIS","17","NORTHWEST","10","WINNEBAGO","201","","","00000000","","PUMPKINS","PUMPKINS - ACRES HARVESTED","TOTAL","NOT SPECIFIED","17",""
"CENSUS","1997","YEAR","","COUNTY","ILLINOIS","17","SOUTHEAST","90","FRANKLIN","055","","","00000000","","PUMPKINS","PUMPKINS - ACRES HARVESTED","TOTAL","NOT SPECIFIED","5",""
"CENSUS","1997","YEAR","","COUNTY","ILLINOIS","17","SOUTHEAST","90","GALLATIN","059","","","00000000","","PUMPKINS","PUMPKINS - ACRES HARVESTED","TOTAL","NOT SPECIFIED","47",""
"CENSUS","1997","YEAR","","COUNTY","ILLINOIS","17","SOUTHWEST","80","MONROE","133","","","00000000","","PUMPKINS","PUMPKINS - ACRES HARVESTED","TOTAL","NOT SPECIFIED","40",""
"CENSUS","1997","YEAR","","COUNTY","ILLINOIS","17","SOUTHWEST","80","ST CLAIR","163","","","00000000","","PUMPKINS","PUMPKINS - ACRES HARVESTED","TOTAL","NOT SPECIFIED","101",""
"CENSUS","1997","YEAR","","COUNTY","ILLINOIS","17","SOUTHWEST","80","UNION","181","","","00000000","","PUMPKINS","PUMPKINS - ACRES HARVESTED","TOTAL","NOT SPECIFIED","15",""
"CENSUS","1997","YEAR","","COUNTY","ILLINOIS","17","SOUTHWEST","80","WASHINGTON","189","","","00000000","","PUMPKINS","PUMPKINS - ACRES HARVESTED","TOTAL","NOT SPECIFIED","7",""
"CENSUS","1997","YEAR","","COUNTY","ILLINOIS","17","SOUTHWEST","80","WILLIAMSON","199","","","00000000","","PUMPKINS","PUMPKINS - ACRES HARVESTED","TOTAL","NOT SPECIFIED","12",""
"CENSUS","1997","YEAR","","COUNTY","ILLINOIS","17","WEST","30","ADAMS","001","","","00000000","","PUMPKINS","PUMPKINS - ACRES HARVESTED","TOTAL","NOT SPECIFIED","72",""
"CENSUS","1997","YEAR","","COUNTY","ILLINOIS","17","WEST","30","FULTON","057","","","00000000","","PUMPKINS","PUMPKINS - ACRES HARVESTED","TOTAL","NOT SPECIFIED","3",""
"CENSUS","1997","YEAR","","COUNTY","ILLINOIS","17","WEST","30","HENDERSON","071","","","00000000","","PUMPKINS","PUMPKINS - ACRES HARVESTED","TOTAL","NOT SPECIFIED","5",""
"CENSUS","1997","YEAR","","COUNTY","ILLINOIS","17","WEST","30","SCHUYLER","169","","","00000000","","PUMPKINS","PUMPKINS - ACRES HARVESTED","TOTAL","NOT SPECIFIED","6",""
"CENSUS","1997","YEAR","","COUNTY","ILLINOIS","17","WEST SOUTHWEST","60","CALHOUN","013","","","00000000","","PUMPKINS","PUMPKINS - ACRES HARVESTED","TOTAL","NOT SPECIFIED","39",""
"CENSUS","1997","YEAR","","COUNTY","ILLINOIS","17","WEST SOUTHWEST","60","GREENE","061","","","00000000","","PUMPKINS","PUMPKINS - ACRES HARVESTED","TOTAL","NOT SPECIFIED","2",""
"CENSUS","1997","YEAR","","COUNTY","ILLINOIS","17","WEST SOUTHWEST","60","MACOUPIN","117","","","00000000","","PUMPKINS","PUMPKINS - ACRES HARVESTED","TOTAL","NOT SPECIFIED","32",""
"CENSUS","1997","YEAR","","COUNTY","ILLINOIS","17","WEST SOUTHWEST","60","MADISON","119","","","00000000","","PUMPKINS","PUMPKINS - ACRES HARVESTED","TOTAL","NOT SPECIFIED","250",""
"CENSUS","1997","YEAR","","COUNTY","ILLINOIS","17","WEST SOUTHWEST","60","PIKE","149","","","00000000","","PUMPKINS","PUMPKINS - ACRES HARVESTED","TOTAL","NOT SPECIFIED","26",""
"CENSUS","1997","YEAR","","COUNTY","ILLINOIS","17","WEST SOUTHWEST","60","SANGAMON","167","","","00000000","","PUMPKINS","PUMPKINS - ACRES HARVESTED","TOTAL","NOT SPECIFIED","9",""
